{"options":{"validator":{"$jsonSchema":{"bsonType":"object","required":["_id","biaya_admin","catatan","created_at","durasi","expired_at","harga_total","kamar_id","kost_id","metode_pembayaran","nomor_booking","status_booking","tanggal_mulai","tanggal_selesai","tipe_durasi","total_bayar","updated_at","user_id"],"properties":{"_id":{"bsonType":"objectId"},"biaya_admin":{"bsonType":"int"},"catatan":{"bsonType":"string"},"created_at":{"bsonType":"date"},"durasi":{"bsonType":"int"},"expired_at":{"bsonType":"date"},"harga_total":{"bsonType":"int"},"kamar_id":{"bsonType":"objectId"},"kost_id":{"bsonType":"objectId"},"metode_pembayaran":{"bsonType":"string"},"nomor_booking":{"bsonType":"string"},"status_booking":{"bsonType":"string"},"tanggal_mulai":{"bsonType":"date"},"tanggal_selesai":{"bsonType":"date"},"tipe_durasi":{"bsonType":"string"},"total_bayar":{"bsonType":"int"},"updated_at":{"bsonType":"date"},"user_id":{"bsonType":"objectId"}}}},"validationLevel":"moderate","validationAction":"error"},"indexes":[{"v":{"$numberInt":"2"},"key":{"_id":{"$numberInt":"1"}},"name":"_id_"}],"uuid":"c7f414c5e4fa4923bd91d05d4980b9ed","collectionName":"booking","type":"collection"}