{"options":{"validator":{"$jsonSchema":{"bsonType":"object","required":["_id","created_at","fasilitas_kamar","fasilitas_tambahan","foto_kamar","harga_per_bulan","kapasitas","kost_id","lantai","nomor_kamar","status","tersedia_dari","tipe_kamar","ukuran","updated_at","use_default_fasilitas"],"properties":{"_id":{"bsonType":"objectId"},"created_at":{"bsonType":"date"},"fasilitas_kamar":{"anyOf":[{"bsonType":"array","items":{"bsonType":"string"}},{"bsonType":"null"}]},"fasilitas_tambahan":{"bsonType":"array"},"foto_kamar":{"bsonType":"array","items":{"bsonType":"string"}},"harga_per_bulan":{"bsonType":"int"},"kapasitas":{"bsonType":"int"},"kost_id":{"bsonType":"objectId"},"lantai":{"bsonType":"int"},"nomor_kamar":{"bsonType":"string"},"status":{"bsonType":"string"},"tersedia_dari":{"bsonType":["date","null"]},"tipe_kamar":{"bsonType":"string"},"ukuran":{"bsonType":"string"},"updated_at":{"bsonType":"date"},"use_default_fasilitas":{"bsonType":"bool"}}}},"validationLevel":"moderate","validationAction":"error"},"indexes":[{"v":{"$numberInt":"2"},"key":{"_id":{"$numberInt":"1"}},"name":"_id_"}],"uuid":"6b80de105c674822bbfb9aa426637811","collectionName":"kamar","type":"collection"}