{"options":{"validator":{"$jsonSchema":{"bsonType":"object","required":["_id","booking_id","created_at","durasi","file_kontrak","harga_sewa","kamar_id","ketentuan","kost_id","nomor_kontrak","pemilik_id","status_kontrak","tanggal_mulai","tanggal_selesai","tanggal_ttd","tipe_durasi","total_dibayar","ttd_pemilik","ttd_penyewa","updated_at","user_id"],"properties":{"_id":{"bsonType":"objectId"},"booking_id":{"bsonType":"objectId"},"created_at":{"bsonType":"date"},"durasi":{"bsonType":"int"},"file_kontrak":{"bsonType":"string"},"harga_sewa":{"bsonType":"int"},"kamar_id":{"bsonType":"objectId"},"ketentuan":{"bsonType":"array","items":{"bsonType":"string"}},"kost_id":{"bsonType":"objectId"},"nomor_kontrak":{"bsonType":"string"},"pemilik_id":{"bsonType":"objectId"},"status_kontrak":{"bsonType":"string"},"tanggal_mulai":{"bsonType":"date"},"tanggal_selesai":{"bsonType":"date"},"tanggal_ttd":{"bsonType":"date"},"tipe_durasi":{"bsonType":"string"},"total_dibayar":{"bsonType":"int"},"ttd_pemilik":{"bsonType":"bool"},"ttd_penyewa":{"bsonType":"bool"},"updated_at":{"bsonType":"date"},"user_id":{"bsonType":"objectId"}}}},"validationLevel":"moderate","validationAction":"error"},"indexes":[{"v":{"$numberInt":"2"},"key":{"_id":{"$numberInt":"1"}},"name":"_id_"}],"uuid":"8165e48f305c47cda8f75b044b1d2d23","collectionName":"kontrak_sewa","type":"collection"}