{"options":{"validator":{"$jsonSchema":{"bsonType":"object","required":["_id","alamat","created_at","deskripsi","fasilitas_kamar_default","fasilitas_umum","foto_kost","jarak_lokasi","jumlah_review","nama_kost","pemilik_id","peraturan","rating","status","tipe_kost","updated_at"],"properties":{"_id":{"bsonType":"objectId"},"alamat":{"bsonType":"object","properties":{"jalan":{"bsonType":"string"},"kecamatan":{"bsonType":"string"},"kelurahan":{"bsonType":"string"},"kode_pos":{"bsonType":"string"},"koordinat":{"bsonType":"object","properties":{"latitude":{"bsonType":"double"},"longitude":{"bsonType":"double"}},"required":["latitude","longitude"]},"kota":{"bsonType":"string"},"provinsi":{"bsonType":"string"}},"required":["jalan","kecamatan","kelurahan","kode_pos","koordinat","kota","provinsi"]},"created_at":{"bsonType":"date"},"deskripsi":{"bsonType":"string"},"fasilitas_kamar_default":{"anyOf":[{"bsonType":"null"},{"bsonType":"array","items":{"bsonType":"string"}}]},"fasilitas_umum":{"bsonType":"array","items":{"bsonType":"string"}},"foto_kost":{"bsonType":"array","items":{"bsonType":"string"}},"jarak_lokasi":{"bsonType":"object","properties":{"kampus_terdekat":{"bsonType":"string"},"minimarket":{"bsonType":"string"}},"required":["kampus_terdekat"]},"jumlah_review":{"bsonType":"int"},"nama_kost":{"bsonType":"string"},"pemilik_id":{"bsonType":"objectId"},"peraturan":{"bsonType":"array","items":{"bsonType":"string"}},"rating":{"bsonType":"double"},"status":{"bsonType":"string"},"tipe_kost":{"bsonType":"string"},"updated_at":{"bsonType":"date"}}}},"validationLevel":"moderate","validationAction":"error"},"indexes":[{"v":{"$numberInt":"2"},"key":{"_id":{"$numberInt":"1"}},"name":"_id_"}],"uuid":"6b0ccbbacea748b7b011f5cb6648a303","collectionName":"kost","type":"collection"}