{"options":{"validator":{"$jsonSchema":{"bsonType":"object","required":["_id","created_at","dibaca","judul","link","pesan","tipe","user_id"],"properties":{"_id":{"bsonType":"objectId"},"created_at":{"bsonType":"date"},"dibaca":{"bsonType":"bool"},"judul":{"bsonType":"string"},"link":{"bsonType":"string"},"pesan":{"bsonType":"string"},"tipe":{"bsonType":"string"},"user_id":{"bsonType":"objectId"}}}},"validationLevel":"moderate","validationAction":"error"},"indexes":[{"v":{"$numberInt":"2"},"key":{"_id":{"$numberInt":"1"}},"name":"_id_"}],"uuid":"cf0be837f0534ae5804a258e1276c95f","collectionName":"notifikasi","type":"collection"}