{"options":{"validator":{"$jsonSchema":{"bsonType":"object","required":["_id","bank_tujuan","booking_id","bukti_transfer","catatan_pembayaran","created_at","dikonfirmasi_oleh","jumlah","metode_pembayaran","nama_pemilik_rekening","nomor_invoice","nomor_rekening","status_pembayaran","tanggal_konfirmasi","tanggal_upload_bukti","tipe_pembayaran","updated_at","user_id"],"properties":{"_id":{"bsonType":"objectId"},"bank_tujuan":{"bsonType":["string","null"]},"booking_id":{"bsonType":"objectId"},"bukti_transfer":{"bsonType":["string","null"]},"catatan_pembayaran":{"bsonType":"string"},"created_at":{"bsonType":"date"},"dikonfirmasi_oleh":{"bsonType":"objectId"},"jumlah":{"bsonType":"int"},"metode_pembayaran":{"bsonType":"string"},"nama_pemilik_rekening":{"bsonType":["string","null"]},"nomor_invoice":{"bsonType":"string"},"nomor_rekening":{"bsonType":["string","null"]},"status_pembayaran":{"bsonType":"string"},"tanggal_konfirmasi":{"bsonType":"date"},"tanggal_upload_bukti":{"bsonType":["date","null"]},"tipe_pembayaran":{"bsonType":"string"},"updated_at":{"bsonType":"date"},"user_id":{"bsonType":"objectId"}}}},"validationLevel":"moderate","validationAction":"error"},"indexes":[{"v":{"$numberInt":"2"},"key":{"_id":{"$numberInt":"1"}},"name":"_id_"}],"uuid":"62d95448014446f988d5c2e33fb6e0d4","collectionName":"pembayaran","type":"collection"}