{"options":{"validator":{"$jsonSchema":{"bsonType":"object","required":["_id","balasan_pemilik","created_at","foto_review","helpful_count","kamar_id","komentar","kontrak_id","kost_id","rating","rating_detail","status","tanggal_balasan","updated_at","user_id"],"properties":{"_id":{"bsonType":"objectId"},"balasan_pemilik":{"bsonType":"string"},"created_at":{"bsonType":"date"},"foto_review":{"bsonType":"array","items":{"bsonType":"string"}},"helpful_count":{"bsonType":"int"},"kamar_id":{"bsonType":"objectId"},"komentar":{"bsonType":"string"},"kontrak_id":{"bsonType":"objectId"},"kost_id":{"bsonType":"objectId"},"rating":{"bsonType":"double"},"rating_detail":{"bsonType":"object","properties":{"fasilitas":{"bsonType":"double"},"harga":{"bsonType":"double"},"kebersihan":{"bsonType":"double"},"lokasi":{"bsonType":"double"},"pelayanan":{"bsonType":"double"}},"required":["fasilitas","harga","kebersihan","lokasi","pelayanan"]},"status":{"bsonType":"string"},"tanggal_balasan":{"bsonType":"date"},"updated_at":{"bsonType":"date"},"user_id":{"bsonType":"objectId"}}}},"validationLevel":"moderate","validationAction":"error"},"indexes":[{"v":{"$numberInt":"2"},"key":{"_id":{"$numberInt":"1"}},"name":"_id_"}],"uuid":"5e8b8536859a4d278c402c9314cedc63","collectionName":"review","type":"collection"}