{"options":{"validator":{"$jsonSchema":{"bsonType":"object","required":["_id","created_at","deskripsi","jumlah","metode","nomor_transaksi","referensi_id","status","tipe_transaksi","user_id"],"properties":{"_id":{"bsonType":"objectId"},"created_at":{"bsonType":"date"},"deskripsi":{"bsonType":"string"},"jumlah":{"bsonType":"int"},"metode":{"bsonType":"string"},"nomor_transaksi":{"bsonType":"string"},"referensi_id":{"bsonType":"objectId"},"status":{"bsonType":"string"},"tipe_transaksi":{"bsonType":"string"},"user_id":{"bsonType":"objectId"}}}},"validationLevel":"moderate","validationAction":"error"},"indexes":[{"v":{"$numberInt":"2"},"key":{"_id":{"$numberInt":"1"}},"name":"_id_"}],"uuid":"1e330f0807a842eb8f391c82206e25bd","collectionName":"riwayat_transaksi","type":"collection"}